{
  "$defs" : {
    "Adresse" : {
      "type" : "object",
      "properties" : {
        "adressZusatz" : {
          "type" : [ "string", "null" ]
        },
        "anbindung" : {
          "type" : [ "string", "null" ]
        },
        "nr" : {
          "type" : [ "string", "null" ]
        },
        "ort" : {
          "type" : [ "string", "null" ]
        },
        "plz" : {
          "type" : [ "string", "null" ]
        },
        "strasse" : {
          "type" : [ "string", "null" ]
        }
      },
      "additionalProperties" : false
    },
    "Adresse-nullable" : {
      "anyOf" : [ {
        "type" : "null"
      }, {
        "$ref" : "#/$defs/Adresse"
      } ]
    },
    "AngebotExtended" : {
      "type" : "object",
      "properties" : {
        "adresse" : {
          "$ref" : "#/$defs/Adresse-nullable"
        },
        "anzahlTrainingseinheiten" : {
          "type" : [ "integer", "null" ],
          "format" : "int64"
        },
        "dauer" : {
          "type" : [ "integer", "null" ],
          "format" : "int64"
        },
        "dauerTrainingseinheiten" : {
          "type" : [ "integer", "null" ],
          "format" : "int64"
        },
        "distanz" : {
          "type" : [ "integer", "null" ],
          "format" : "int64"
        },
        "distanzVersicherter" : {
          "type" : [ "integer", "null" ],
          "format" : "int64"
        },
        "durchfuehrungsart" : {
          "type" : [ "string", "null" ]
        },
        "freiePlaetze" : {
          "type" : [ "string", "null" ]
        },
        "freiePlaetzeWert" : {
          "type" : [ "integer", "null" ],
          "format" : "int64"
        },
        "id" : {
          "type" : [ "integer", "null" ],
          "format" : "int64"
        },
        "phase" : {
          "type" : [ "string", "null" ]
        },
        "postanschrift" : {
          "$ref" : "#/$defs/Adresse-nullable"
        },
        "standort" : {
          "$ref" : "#/$defs/Geokoordinaten-nullable"
        }
      },
      "additionalProperties" : false
    },
    "Geokoordinaten" : {
      "type" : "object",
      "properties" : {
        "latitude" : {
          "type" : "number",
          "format" : "float"
        },
        "longitude" : {
          "type" : "number",
          "format" : "float"
        }
      },
      "additionalProperties" : false
    },
    "Geokoordinaten-nullable" : {
      "anyOf" : [ {
        "type" : "null"
      }, {
        "$ref" : "#/$defs/Geokoordinaten"
      } ]
    }
  },
  "type" : "object",
  "properties" : {
    "adresse" : {
      "$ref" : "#/$defs/Adresse-nullable"
    },
    "angebote" : {
      "type" : [ "array", "null" ],
      "items" : {
        "$ref" : "#/$defs/AngebotExtended"
      }
    },
    "distanz" : {
      "type" : [ "integer", "null" ],
      "format" : "int64"
    },
    "distanzVersicherter" : {
      "type" : [ "integer", "null" ],
      "format" : "int64"
    },
    "email" : {
      "type" : [ "string", "null" ]
    },
    "id" : {
      "type" : [ "string", "null" ]
    },
    "name" : {
      "type" : [ "string", "null" ]
    },
    "postanschrift" : {
      "$ref" : "#/$defs/Adresse-nullable"
    },
    "resc" : {
      "type" : [ "string", "null" ]
    },
    "standort" : {
      "$ref" : "#/$defs/Geokoordinaten-nullable"
    },
    "telefonnummer" : {
      "type" : [ "string", "null" ]
    }
  },
  "additionalProperties" : false
}