{
  "$defs" : {
    "Adresse" : {
      "type" : "object",
      "properties" : {
        "adressZusatz" : {
          "type" : [ "string", "null" ]
        },
        "anbindung" : {
          "type" : [ "string", "null" ]
        },
        "nr" : {
          "type" : [ "string", "null" ]
        },
        "ort" : {
          "type" : [ "string", "null" ]
        },
        "plz" : {
          "type" : [ "string", "null" ]
        },
        "strasse" : {
          "type" : [ "string", "null" ]
        }
      },
      "additionalProperties" : false
    },
    "Adresse-nullable" : {
      "anyOf" : [ {
        "type" : "null"
      }, {
        "$ref" : "#/$defs/Adresse"
      } ]
    },
    "Angebot" : {
      "type" : "object",
      "properties" : {
        "id" : {
          "type" : [ "integer", "null" ],
          "format" : "int64"
        },
        "phase" : {
          "type" : [ "string", "null" ]
        }
      },
      "additionalProperties" : false
    }
  },
  "type" : "object",
  "properties" : {
    "adresse" : {
      "$ref" : "#/$defs/Adresse-nullable"
    },
    "angebote" : {
      "type" : [ "array", "null" ],
      "items" : {
        "$ref" : "#/$defs/Angebot"
      }
    },
    "id" : {
      "type" : [ "integer", "null" ],
      "format" : "int64"
    },
    "name" : {
      "type" : [ "string", "null" ]
    },
    "resc" : {
      "type" : [ "string", "null" ]
    }
  },
  "additionalProperties" : false
}