<?xml version="1.0" encoding="utf-8" ?>
<databaseChangeLog
        xmlns="http://www.liquibase.org/xml/ns/dbchangelog"
        xmlns:xsi="http://www.w3.org/2001/XMLSchema-instance"
        xsi:schemaLocation="http://www.liquibase.org/xml/ns/dbchangelog
                            http://www.liquibase.org/xml/ns/dbchangelog/dbchangelog-4.7.xsd">

    <changeSet id="rvfitregel_8" author="Team Flash und Two-Face">
        <update tableName="regel">
            <column name="prioritaet" valueNumeric="50" />
            <where>name = 'REGEL_EINRICHTUNGVORHANDENUNDIDENTISCH'</where>
        </update>
        <update tableName="regel">
            <column name="prioritaet" valueNumeric="51" />
            <where>name = 'REGEL_EINRICHTUNGANGEBOTEINDEUTIG'</where>
        </update>
        <update tableName="regel">
            <column name="prioritaet" valueNumeric="52" />
            <where>name = 'REGEL_EINRICHTUNGFREIEPLAETZE'</where>
        </update>
        <update tableName="regel">
            <column name="prioritaet" valueNumeric="53" />
            <where>name = 'REGEL_EINRICHTUNG_DISTANZ'</where>
        </update>
    </changeSet>
</databaseChangeLog>
