<?xml version="1.0" encoding="utf-8" ?>
<databaseChangeLog
        xmlns="http://www.liquibase.org/xml/ns/dbchangelog"
        xmlns:xsi="http://www.w3.org/2001/XMLSchema-instance"
        xsi:schemaLocation="http://www.liquibase.org/xml/ns/dbchangelog
                            http://www.liquibase.org/xml/ns/dbchangelog/dbchangelog-4.7.xsd">
    <changeSet id="rvfitantrag_1" author="Team Flash und Two-Face">
        <createTable tableName="antrag">
            <column name="uuid" type="uuid">
                <constraints primaryKey="true" nullable="false" />
            </column>
            <column name="vsnr" type="nvarchar(20)">
                <constraints nullable="false"/>
            </column>
            <column name="antragsdatum" type="datetime" />
            <column name="strasse" type="nvarchar(255)" />
            <column name="hausnummer" type="nvarchar(10)" />
            <column name="plz" type="nvarchar(5)" />
            <column name="wohnort" type="nvarchar(255)" />
            <column name="land" type="nvarchar(3)" />
            <column name="nachname" type="nvarchar(255)" />
            <column name="vorname" type="nvarchar(255)" />
            <column name="geburtsdatum" type="date" />
            <column name="geburtsort" type="nvarchar(255)" />
            <column name="geburtsland" type="nvarchar(3)" />
            <column name="staatsangehoerigkeit" type="nvarchar(255)" />
            <column name="einrichtung_training_id" type="bigint" />
            <column name="xml" type="clob" />
            <column name="telefon" type="nvarchar(30)" />
            <column name="fax" type="nvarchar(30)" />
            <column name="de_mail_adresse" type="nvarchar(255)" />
            <column name="freitext" type="clob" />
            <column name="grossdruck" type="boolean" />
            <column name="kurzschrift" type="boolean" />
            <column name="vollschrift" type="boolean" />
            <column name="cd" type="boolean" />
            <column name="hoermedium" type="boolean" />
            <column name="eingangsdatum" type="datetime" />
            <column name="bescheiddatum" type="datetime" />
            <column name="antragsart" type="nvarchar(12)" />
            <column name="einrichtung_start_auf" type="nvarchar(500)" />
            <column name="einrichtung_training" type="nvarchar(500)" />
            <column name="einrichtung_start_id" type="bigint" />
            <column name="einrichtung_auf_id" type="bigint" />
            <column name="ktan" type="nvarchar(2)" />
            <column name="bemerkungen" type="clob" />
            <column name="status" type="nvarchar(50)" />
            <column name="geschlecht" type="nvarchar(1)" />
            <column name="last_modified_start" type="datetime" />
            <column name="last_modified_auf" type="datetime" />
            <column name="last_modified_training" type="datetime" />
            <column name="vorgangskennung" type="nvarchar(32)">
                <constraints unique="true"/>
            </column>
            <column name="angebotg_start_smp_id" type="bigint" />
            <column name="angebot_training_smp_id" type="bigint" />
            <column name="angebot_auf_smp_id" type="bigint" />
            <column name="atad" type="bigint" />
            <column name="msnr" type="bigint" />
            <column name="vorsatzwort" type="nvarchar(255)" />
            <column name="namenszusatz" type="nvarchar(255)" />
            <column name="titel" type="nvarchar(10)" />
            <column name="created" type="datetime" />
            <column name="last_modified" type="datetime" />
            <column name="geburtsdatum_status" type="varchar(16)"/>
        </createTable>
        <rollback>
            <dropTable tableName="antrag"/>
        </rollback>

        <createSequence sequenceName="antrag_seq" cycle="false" incrementBy="1"
                        maxValue="9223372036854775807" minValue="1" startValue="1"/>
        <rollback>
            <dropSequence sequenceName="antrag_seq"/>
        </rollback>
    </changeSet>
    <changeSet id="rvfitstammdaten_1" author="Team Flash und Two-Face">
        <createTable tableName="versicherten_stammdaten">
            <column name="id" type="bigint">
                <constraints primaryKey="true" nullable="false" />
            </column>
            <column name="antrag_id" type="uuid"/>
            <column name="vsnr" type="nvarchar(20)">
                <constraints nullable="false"/>
            </column>
            <column name="vorname" type="nvarchar(255)" />
            <column name="nachname" type="nvarchar(255)" />
            <column name="geburtsdatum" type="date" />
            <column name="geburtsort" type="nvarchar(255)" />
            <column name="strasse" type="nvarchar(255)" />
            <column name="hausnummer" type="nvarchar(20)" />
            <column name="plz" type="nvarchar(5)" />
            <column name="wohnort" type="nvarchar(255)" />
            <column name="land" type="nvarchar(3)" />
            <column name="staatsangehoerigkeit" type="nvarchar(255)" />
            <column name="geburtsland" type="nvarchar(3)" />
            <column name="vorsatzwort" type="nvarchar(255)" />
            <column name="namenszusatz" type="nvarchar(255)" />
            <column name="titel" type="nvarchar(10)" />
            <column name="ktan" type="nvarchar(2)" />
            <column name="geschlecht" type="nvarchar(1)" />
            <column name="created" type="datetime" />
            <column name="last_modified" type="datetime" />
            <column name="geburtsdatum_status" type="varchar(16)" />
        </createTable>
        <addForeignKeyConstraint baseTableName="versicherten_stammdaten" baseColumnNames="antrag_id"
                                 constraintName="fk_versicherten_stammdaten_antrag_id"
                                 referencedTableName="antrag" referencedColumnNames="uuid" />
        <rollback>
            <dropTable tableName="versicherten_stammdaten"/>
        </rollback>

        <createSequence sequenceName="versicherten_stammdaten_seq" cycle="false" incrementBy="1"
                        maxValue="9223372036854775807" minValue="1" startValue="1"/>
        <rollback>
            <dropSequence sequenceName="versicherten_stammdaten_seq"/>
        </rollback>
    </changeSet>
    <changeSet id="rvfitkontoinformation_1" author="Team Flash und Two-Face">
        <createTable tableName="kontoinformation">
            <column name="id" type="bigint">
                <constraints primaryKey="true" nullable="false" />
            </column>
            <column name="antrag_id" type="uuid" />
            <column name="wartezeit6in24m" type="${int.type}"/>
            <column name="wartezeit180m" type="${int.type}"/>
            <column name="wartezeitfehler" type="boolean" />
            <column name="beamteneigenschaft" type="boolean" />
            <column name="ktan" type="nvarchar(2)" />
            <column name="vsnr" type="nvarchar(20)" />
            <column name="antrag_reha_msat" type="nvarchar(1)" />
            <column name="antrag_reha_art" type="nvarchar(2)" />
            <column name="massnahme_reha_elat" type="nvarchar(2)" />
            <column name="massnahme_reha_kobs" type="date" />
            <column name="antrag_rente_leat" type="nvarchar(2)" />
            <column name="bezug_rente_leat" type="nvarchar(2)" />
            <column name="antrag_rente_tlrt" type="nvarchar(1)" />
            <column name="bezug_rente_tlrt" type="nvarchar(1)" />
            <column name="bezug_rente_prozent" type="nvarchar(10)" />
            <column name="rechtsbehelf_rente" type="boolean" />
            <column name="rechtsbehelf_reha" type="boolean" />
            <column name="beschaeftigung_gruppe" type="nvarchar(3)" />
            <column name="beschaeftigung_grund" type="nvarchar(2)" />
            <column name="beschaeftigung_kobs" type="date" />
            <column name="altersteilzeit_gruppe" type="nvarchar(3)" />
            <column name="altersteilzeit_grund" type="nvarchar(2)" />
            <column name="altersteilzeit_kobs" type="date" />
            <column name="selbstaendigkeit" type="boolean" />
            <column name="rv_system_fehler" type="nvarchar(300)" />
            <column name="unerwarteter_fehler" type="nvarchar(300)" />
            <column name="created" type="datetime" />
            <column name="last_modified" type="datetime" />
        </createTable>
        <addForeignKeyConstraint baseTableName="kontoinformation" baseColumnNames="antrag_id"
                                 constraintName="fk_kontoinformation_antrag_id"
                                 referencedTableName="antrag" referencedColumnNames="uuid" />
        <rollback>
            <dropTable tableName="kontoinformation" />
        </rollback>

        <createSequence sequenceName="kontoinformation_seq" cycle="false" incrementBy="1"
                        maxValue="9223372036854775807" minValue="1" startValue="1" />
        <rollback>
            <dropSequence sequenceName="kontoinformation_seq" />
        </rollback>
    </changeSet>
    <changeSet id="rvfitregel_1" author="Team Flash und Two-Face">
        <createTable tableName="regel">
            <column name="id" type="bigint">
                <constraints primaryKey="true" nullable="false" />
            </column>
            <column name="name" type="nvarchar(255)">
                <constraints nullable="false"/>
            </column>
            <column name="ktan" type="nvarchar(2)" />
            <column name="parameter" type="nvarchar(255)" />
            <column name="aktiv" type="boolean" defaultValueBoolean="false"/>
            <column name="prioritaet" type="bigint" />
            <column name="created" type="datetime" />
            <column name="last_modified" type="datetime" />
        </createTable>
        <rollback>
            <dropTable tableName="regel"/>
        </rollback>

        <createSequence sequenceName="regel_seq" cycle="false" incrementBy="1"
                        maxValue="9223372036854775807" minValue="1" startValue="1"/>
        <rollback>
            <dropSequence sequenceName="regel_seq"/>
        </rollback>

        <sql dbms="h2, postgresql, oracle" splitStatements="true" stripComments="true">
            insert into regel (id, name, ktan, aktiv, prioritaet) values (1, 'REGEL_ERFUELLT', null, '0', null);
            insert into regel (id, name, ktan, aktiv, prioritaet) values (2, 'REGEL_AUSSTEUERN', null, '0', null);
            insert into regel (id, name, ktan, aktiv, prioritaet) values (3, 'REGEL_NICHTERFUELLT', null, '0', null);
            insert into regel (id, name, ktan, aktiv, prioritaet) values (4, 'REGEL_NICHTERFUELLT_ABLEHNEN', null, '0', null);
            insert into regel (id, name, ktan, aktiv, prioritaet) values (5, 'REGEL_ABGLEICH_VSNR', null, '1', 20);
            insert into regel (id, name, ktan, aktiv, prioritaet) values (6, 'REGEL_ABGLEICH_NACHNAME', null, '1', 22);
            insert into regel (id, name, ktan, aktiv, prioritaet) values (7, 'REGEL_ABGLEICH_VORNAME', null, '1', 21);
            insert into regel (id, name, ktan, aktiv, prioritaet) values (8, 'REGEL_ABGLEICH_GEBURTSDATUM', null, '1', 23);
            insert into regel (id, name, ktan, aktiv, prioritaet) values (9, 'REGEL_ABGLEICH_STRASSE', null, '1', 25);
            insert into regel (id, name, ktan, aktiv, prioritaet) values (10, 'REGEL_ABGLEICH_HAUSNUMMER', null, '1', 26);
            insert into regel (id, name, ktan, aktiv, prioritaet) values (11, 'REGEL_ABGLEICH_PLZ', null, '1', 27);
            insert into regel (id, name, ktan, aktiv, prioritaet) values (12, 'REGEL_ABGLEICH_WOHNORT', null, '1', 28);
            insert into regel (id, name, ktan, aktiv, prioritaet) values (13, 'REGEL_ABGLEICH_LAND', null, '1', 29);
            insert into regel (id, name, ktan, aktiv, prioritaet) values (14, 'REGEL_ABGLEICH_STAATSANGEHOERIGKEIT', null, '1', 24);
            insert into regel (id, name, ktan, aktiv, prioritaet) values (15, 'REGEL_STAATSANGEHOERIGKEIT', null, '1', 1);
            insert into regel (id, name, ktan, aktiv, prioritaet) values (16, 'REGEL_EINRICHTUNGANGEBOTEINDEUTIG', null, '1', null);
            insert into regel (id, name, ktan, aktiv, prioritaet) values (17, 'REGEL_EINRICHTUNGFREIEPLAETZE', null, '1', null);
            insert into regel (id, name, ktan, aktiv, prioritaet) values (18, 'REGEL_EINRICHTUNGVORHANDENUNDIDENTISCH', null, '1', null);
            insert into regel (id, name, ktan, aktiv, prioritaet) values (19, 'REGEL_ANTRAGALTERSRENTE', null, '1', 4);
            insert into regel (id, name, ktan, aktiv, prioritaet) values (20, 'REGEL_ANTRAGEMRENTE', null, '1', 10);
            insert into regel (id, name, ktan, aktiv, prioritaet) values (21, 'REGEL_BEAMTENEIGENSCHAFT_BEZUEGE', null, '1', 5);
            insert into regel (id, name, ktan, aktiv, prioritaet) values (22, 'REGEL_BEAMTENEIGENSCHAFT_ANWARTSCHAFT', null, '1', 6);
            insert into regel (id, name, ktan, aktiv, prioritaet) values (23, 'REGEL_BEZUGALTERSRENTE', null, '1', 3);
            insert into regel (id, name, ktan, aktiv, prioritaet) values (24, 'REGEL_BEZUGEMRENTE', null, '1', 9);
            insert into regel (id, name, ktan, aktiv, prioritaet) values (25, 'REGEL_LAUFENDERREHAANTRAG', null, '1', 12);
            insert into regel (id, name, ktan, aktiv, prioritaet) values (26, 'REGEL_MASSNAHME', null, '1', 14);
            insert into regel (id, name, ktan, aktiv, prioritaet) values (27, 'REGEL_WARTEZEITPRUEFUNG', null, '1', 7);
            insert into regel (id, name, ktan, aktiv, prioritaet) values (28, 'REGEL_WIDERSPRUCHSVERFAHREN', null, '1', 13);
            insert into regel (id, name, ktan, aktiv, prioritaet) values (29, 'REGEL_AKTIVEBESCHAEFTIGUNG', null, '1', 8);
            insert into regel (id, name, ktan, aktiv, prioritaet) values (30, 'REGEL_ALTERSTEILZEIT', null, '1', 11);
            insert into regel (id, name, ktan, aktiv, prioritaet) values (31, 'REGEL_AUFENTHALT', null, '1', 2);
        </sql>
    </changeSet>
    <changeSet id="rvfitpruefergebnis_1" author="Team Flash und Two-Face">
        <createTable tableName="pruefergebnis">
            <column name="id" type="bigint">
                <constraints primaryKey="true" nullable="false" />
            </column>
            <column name="antrag_id" type="uuid" />
            <column name="parent_id" type="bigint" />
            <column name="ergebnis" type="nvarchar(30)" />
            <column name="regel_name" type="nvarchar(255)" />
            <column name="begruendung" type="clob" />
            <column name="prioritaet" type="${int.type}" />
            <column name="regel_id" type="bigint" />
            <column name="anmerkung" type="nvarchar(500)" />
            <column name="ktan" type="nvarchar(2)" />
            <column name="created" type="datetime" />
            <column name="last_modified" type="datetime" />
        </createTable>
        <addForeignKeyConstraint baseTableName="pruefergebnis" baseColumnNames="antrag_id"
                                 constraintName="fk_pruefergebnis_antrag_id"
                                 referencedTableName="antrag" referencedColumnNames="uuid" />
        <rollback>
            <dropTable tableName="pruefergebnis"/>
        </rollback>

        <createSequence sequenceName="pruefergebnis_seq" cycle="false" incrementBy="1"
                        maxValue="9223372036854775807" minValue="1" startValue="1"/>
        <rollback>
            <dropSequence sequenceName="pruefergebnis_seq"/>
        </rollback>
    </changeSet>
    <changeSet id="rvfiteinrichtunganschrift_1" author="Team Flash und Two-Face">
        <createTable tableName="einrichtung_anschrift">
            <column name="id" type="bigint">
                <constraints primaryKey="true" nullable="false" />
            </column>
            <column name="strasse" type="nvarchar(255)" />
            <column name="hausnummer" type="nvarchar(10)" />
            <column name="plz" type="nvarchar(5)" />
            <column name="ort" type="nvarchar(255)" />
            <column name="adresszusatz" type="nvarchar(255)" />
            <column name="anbindung" type="clob" />
            <column name="ktan" type="nvarchar(2)" />
            <column name="created" type="datetime" />
            <column name="last_modified" type="datetime" />
        </createTable>
        <rollback>
            <dropTable tableName="einrichtung_anschrift"/>
        </rollback>

        <createSequence sequenceName="einrichtung_anschrift_seq" cycle="false" incrementBy="1"
                        maxValue="9223372036854775807" minValue="1" startValue="1"/>
        <rollback>
            <dropSequence sequenceName="einrichtung_adresse_seq"/>
        </rollback>
    </changeSet>
    <changeSet id="rvfiteinrichtung_1" author="Team Flash und Two-Face">
        <createTable tableName="einrichtung">
            <column name="id" type="bigint">
                <constraints primaryKey="true" nullable="false" />
            </column>
            <column name="smp_einrichtungs_id" type="bigint" />
            <column name="resc" type="nvarchar(255)" />
            <column name="name" type="nvarchar(500)" />
            <column name="telefonnummer" type="nvarchar(50)" />
            <column name="email" type="nvarchar(50)" />
            <column name="adresse_id" type="bigint" />
            <column name="postanschrift_id" type="bigint" />
            <column name="antrag_id" type="uuid" />
            <column name="dauer" type="number" />
            <column name="ktan" type="nvarchar(2)" />
            <column name="distanz" type="number" />
            <column name="distanz_versicherter" type="number" />
            <column name="created" type="datetime" />
            <column name="last_modified" type="datetime" />
        </createTable>

        <addForeignKeyConstraint baseTableName="einrichtung" baseColumnNames="adresse_id"
                                 constraintName="fk_einrichtung_adresse_id"
                                 referencedTableName="einrichtung_anschrift" referencedColumnNames="id" />
        <addForeignKeyConstraint baseTableName="einrichtung" baseColumnNames="postanschrift_id"
                                 constraintName="fk_einrichtung_postanschrift_id"
                                 referencedTableName="einrichtung_anschrift" referencedColumnNames="id" />
        <addForeignKeyConstraint baseTableName="einrichtung" baseColumnNames="antrag_id"
                                 constraintName="fk_einrichtung_antrag_id"
                                 referencedTableName="antrag"  referencedColumnNames="uuid" />
        <rollback>
            <dropTable tableName="einrichtung"/>
        </rollback>

        <createSequence sequenceName="einrichtung_seq" cycle="false" incrementBy="1"
                        maxValue="9223372036854775807" minValue="1" startValue="1"/>
        <rollback>
            <dropSequence sequenceName="einrichtung_seq"/>
        </rollback>
    </changeSet>
    <changeSet id="rvfitangebot_1" author="Team Flash und Two-Face">
        <createTable tableName="angebot">
            <column name="id" type="bigint">
                <constraints primaryKey="true" nullable="false" />
            </column>
            <column name="einrichtung_id" type="bigint" />
            <column name="smp_angebot_id" type="bigint">
                <constraints nullable="true"/>
            </column>
            <column name="phase" type="nvarchar(255)" />
            <column name="dauer" type="number" />
            <column name="anzahl_trainingseinheiten" type="${int.type}" />
            <column name="dauer_trainingseinheiten" type="${int.type}" />
            <column name="durchfuehrungsart" type="nvarchar(500)" />
            <column name="ktan" type="nvarchar(2)" />
            <column name="adresse_id" type="bigint" />
            <column name="postanschrift_id" type="bigint" />
            <column name="freie_plaetze_wert" type="number" />
            <column name="distanz" type="number" />
            <column name="distanz_versicherter" type="number" />
            <column name="created" type="datetime" />
            <column name="last_modified" type="datetime" />
        </createTable>
        <rollback>
            <dropTable tableName="angebot"/>
        </rollback>

        <addForeignKeyConstraint baseTableName="angebot" baseColumnNames="einrichtung_id"
                                 constraintName="fk_angebot_einrichtung_id"
                                 referencedTableName="einrichtung" referencedColumnNames="id" />

        <createSequence sequenceName="angebot_seq" cycle="false" incrementBy="1"
                        maxValue="9223372036854775807" minValue="1" startValue="1"/>
        <rollback>
            <dropSequence sequenceName="angebot_seq"/>
        </rollback>
    </changeSet>
    <changeSet id="rvfitaufgabe_1" author="Team Flash und Two-Face">
        <createTable tableName="aufgabe">
            <column name="id" type="bigint">
                <constraints primaryKey="true" nullable="false" />
            </column>
            <column name="transaktion_id" type="uuid">
                <constraints nullable="false" unique="true"/>
            </column>
            <column name="vom_aufgaben_id" type="nvarchar(255)" />
            <column name="datum_erstellung" type="datetime">
                <constraints nullable="false"/>
            </column>
            <column name="datum_erledigt" type="datetime" />
            <column name="aufgaben_art" type="nvarchar(16)">
                <constraints nullable="false" />
            </column>
            <column name="antrag_id" type="uuid" />
        </createTable>
        <rollback>
            <dropTable tableName="aufgabe"/>
        </rollback>

        <addForeignKeyConstraint baseTableName="aufgabe" baseColumnNames="antrag_id"
                                 constraintName="fk_aufgabe_antrag_id"
                                 referencedTableName="antrag" referencedColumnNames="uuid"/>
        <createSequence sequenceName="aufgabe_seq" cycle="false" incrementBy="1"
                        maxValue="9223372036854775807" minValue="1" startValue="1" />
        <rollback>
            <dropSequence sequenceName="aufgabe_seq" />
        </rollback>
    </changeSet>
    <changeSet id="rvfitverarbeitungsstatus_1" author="Team Flash und Two-Face">
        <createTable tableName="verarbeitungsstatus">
            <column name="id" type="bigint">
                <constraints primaryKey="true" nullable="false" />
            </column>
            <column name="antrag_id" type="uuid">
                <constraints nullable="false"/>
            </column>
            <column name="created" type="datetime" />
            <column name="last_modified" type="datetime" />
            <column name="art" type="nvarchar(31)" />
            <column name="auftrag_id" type="uuid">
                <constraints unique="true"/>
            </column>
            <column name="status" type="nvarchar(21)" />
            <column name="meldung" type="nvarchar(255)" />
        </createTable>

        <createSequence sequenceName="verarbeitungsstatus_seq" cycle="false" incrementBy="1"
                        maxValue="9223372036854775807" minValue="1" startValue="1" />
        <rollback>
            <dropSequence sequenceName="verarbeitungsstatus_seq" />
        </rollback>

        <rollback>
            <dropTable tableName="verarbeitungsstatus"/>
        </rollback>
    </changeSet>

</databaseChangeLog>