<?xml version="1.0" encoding="utf-8" ?>
<databaseChangeLog
        xmlns="http://www.liquibase.org/xml/ns/dbchangelog"
        xmlns:xsi="http://www.w3.org/2001/XMLSchema-instance"
        xsi:schemaLocation="http://www.liquibase.org/xml/ns/dbchangelog
                            http://www.liquibase.org/xml/ns/dbchangelog/dbchangelog-4.7.xsd">
    <changeSet id="bestandsfehler_1"
               author="Team Flash und Two-Face">
        <createTable tableName="bestandsfehler">
            <column name="uuid" type="uuid">
                <constraints primaryKey="true" nullable="false"/>
            </column>
            <column name="antrag_id" type="uuid">
                <constraints nullable="false"/>
            </column>
            <column name="created" type="datetime"/>
            <column name="deleted" type="datetime"/>
            <column name="bestandsfehlercode" type="nvarchar(500)"/>
        </createTable>

        <addForeignKeyConstraint
                constraintName="fk_bestandsfehler" referencedTableName="antrag"
                baseColumnNames="antrag_id" baseTableName="bestandsfehler"
                referencedColumnNames="uuid"/>

        <rollback>
            <dropSequence sequenceName="bestandsfehler_seq"/>
        </rollback>

        <rollback>
            <dropTable tableName="bestandsfehler"/>
        </rollback>
    </changeSet>
</databaseChangeLog>