<?xml version="1.0" encoding="utf-8" ?>
<databaseChangeLog
	xmlns="http://www.liquibase.org/xml/ns/dbchangelog"
	xmlns:xsi="http://www.w3.org/2001/XMLSchema-instance"
	xsi:schemaLocation="http://www.liquibase.org/xml/ns/dbchangelog
                            http://www.liquibase.org/xml/ns/dbchangelog/dbchangelog-4.7.xsd">
                            
	<changeSet id="rvfitantrag_3" author="Team Flash und Two-Face">
		<addColumn tableName="antrag">
			<column name="angebot_start_name" type="nvarchar(60)" />
			<column name="angebot_start_ort" type="nvarchar(255)"/>
			<column name="angebot_start_plz" type="nvarchar(5)"/>
			<column name="angebot_start_strasse" type="nvarchar(255)"/>
			
			<column name="angebot_training_name" type="nvarchar(60)" />
			<column name="angebot_training_ort" type="nvarchar(255)"/>
			<column name="angebot_training_plz" type="nvarchar(5)"/>
			<column name="angebot_training_strasse" type="nvarchar(255)"/>
			
			<column name="angebot_auf_name" type="nvarchar(60)" />
			<column name="angebot_auf_strasse" type="nvarchar(255)"/>
			<column name="angebot_auf_ort" type="nvarchar(255)"/>
			<column name="angebot_auf_plz" type="nvarchar(5)"/>
		</addColumn>
	</changeSet>    
	
	<changeSet id="rvfitantrag_4" author="Team Flash und Two-Face">
		<dropColumn tableName="antrag">
			<column name="einrichtung_start_auf"></column>
			<column name="einrichtung_training"></column>
		</dropColumn>
	</changeSet>     
</databaseChangeLog>