<?xml version="1.0" encoding="utf-8" ?>
<databaseChangeLog
	xmlns="http://www.liquibase.org/xml/ns/dbchangelog"
	xmlns:xsi="http://www.w3.org/2001/XMLSchema-instance"
	xsi:schemaLocation="http://www.liquibase.org/xml/ns/dbchangelog
                            http://www.liquibase.org/xml/ns/dbchangelog/dbchangelog-4.7.xsd">
                            
	<changeSet id="rvfitantrag_1" author="Team Flash und Two-Face">
		<createIndex indexName="idx_antrag_vsnr" tableName="antrag">
			<column name="vsnr"/>
		</createIndex>
	</changeSet>
	<changeSet id="rvfitantrag_2" author="Team Flash und Two-Face">
		<createIndex indexName="idx_antrag_status" tableName="antrag">
			<column name="status"/>
		</createIndex>
	</changeSet>
	<changeSet id="rvfitantrag_3" author="Team Flash und Two-Face">
		<createIndex indexName="idx_antrag_antragsart" tableName="antrag">
			<column name="antragsart"/>
		</createIndex>
	</changeSet>
</databaseChangeLog>