<?xml version="1.0" encoding="utf-8" ?>
<databaseChangeLog
        xmlns="http://www.liquibase.org/xml/ns/dbchangelog"
        xmlns:xsi="http://www.w3.org/2001/XMLSchema-instance"
        xsi:schemaLocation="http://www.liquibase.org/xml/ns/dbchangelog
                            http://www.liquibase.org/xml/ns/dbchangelog/dbchangelog-4.7.xsd">
    <!-- ANTRAG -->
    <changeSet id="rvfitantrag_3" author="Team Flash und Two-Face">
        <dropSequence sequenceName="antrag_seq" />
    </changeSet>

    <!-- AUFGABE -->
    <changeSet id="rvfitaufgabe_2" author="Team Flash und Two-Face">
        <dropSequence sequenceName="aufgabe_seq" />
    </changeSet>
    <changeSet id="rvfitaufgabe_3" author="Team Flash und Two-Face">
        <addColumn tableName="aufgabe">
            <column name="uuid" type="${uuid.type}" defaultValueComputed="${uuid.function}">
                <constraints nullable="false" />
            </column>
        </addColumn>
    </changeSet>
    <changeSet id="rvfitaufgabe_4" author="Team Flash und Two-Face">
        <update tableName="aufgabe">
            <column name="uuid" valueComputed="${uuid.function}" />
        </update>
    </changeSet>
    <changeSet id="rvfitaufgabe_5" author="Team Flash und Two-Face">
        <dropPrimaryKey tableName="aufgabe" />
        <addPrimaryKey tableName="aufgabe" columnNames="uuid" />
    </changeSet>
    <changeSet id="rvfitaufgabe_6" author="Team Flash und Two-Face">
        <dropColumn tableName="aufgabe" columnName="id"/>
    </changeSet>

    <!-- ANGEBOT -->
    <changeSet id="rvfitangebot_2" author="Team Flash und Two-Face">
        <dropSequence sequenceName="angebot_seq" />
    </changeSet>
    <changeSet id="rvfitangebot_3" author="Team Flash und Two-Face">
        <addColumn tableName="angebot">
            <column name="uuid" type="${uuid.type}" defaultValueComputed="${uuid.function}">
                <constraints nullable="false" />
            </column>
        </addColumn>
    </changeSet>
    <changeSet id="rvfitangebot_4" author="Team Flash und Two-Face">
        <update tableName="angebot">
            <column name="uuid" valueComputed="${uuid.function}" />
        </update>
    </changeSet>
    <changeSet id="rvfitangebot_5" author="Team Flash und Two-Face">
        <dropPrimaryKey tableName="angebot" />
        <addPrimaryKey tableName="angebot" columnNames="uuid" />
    </changeSet>
    <changeSet id="rvfitangebot_6" author="Team Flash und Two-Face">
        <dropColumn tableName="angebot" columnName="id"/>
    </changeSet>
    <changeSet id="rvfitangebot_7" author="Team Flash und Two-Face">
        <dropForeignKeyConstraint baseTableName="angebot" constraintName="fk_angebot_einrichtung_id" />
    </changeSet>

    <!-- REGEL -->
    <changeSet id="rvfitregel_2" author="Team Flash und Two-Face">
        <dropSequence sequenceName="regel_seq" />
    </changeSet>
    <changeSet id="rvfitregel_3" author="Team Flash und Two-Face">
        <addColumn tableName="regel">
            <column name="uuid" type="${uuid.type}" defaultValueComputed="${uuid.function}">
                <constraints nullable="false" />
            </column>
        </addColumn>
    </changeSet>
    <changeSet id="rvfitregel_4" author="Team Flash und Two-Face">
        <update tableName="regel">
            <column name="uuid" valueComputed="${uuid.function}" />
        </update>
    </changeSet>
    <changeSet id="rvfitregel_5" author="Team Flash und Two-Face">
        <dropPrimaryKey tableName="regel" />
        <addPrimaryKey tableName="regel" columnNames="uuid" />
    </changeSet>
    <changeSet id="rvfitregel_6" author="Team Flash und Two-Face">
        <dropColumn tableName="regel" columnName="id"/>
    </changeSet>

    <!-- REGEL -->
    <changeSet id="rvfitstammdaten_2" author="Team Flash und Two-Face">
        <dropSequence sequenceName="versicherten_stammdaten_seq" />
    </changeSet>
    <changeSet id="rvfitstammdaten_3" author="Team Flash und Two-Face">
        <addColumn tableName="versicherten_stammdaten">
            <column name="uuid" type="${uuid.type}" defaultValueComputed="${uuid.function}">
                <constraints nullable="false" />
            </column>
        </addColumn>
    </changeSet>
    <changeSet id="rvfitstammdaten_4" author="Team Flash und Two-Face">
        <update tableName="versicherten_stammdaten">
            <column name="uuid" valueComputed="${uuid.function}" />
        </update>
    </changeSet>
    <changeSet id="rvfitstammdaten_5" author="Team Flash und Two-Face">
        <dropPrimaryKey tableName="versicherten_stammdaten" />
        <addPrimaryKey tableName="versicherten_stammdaten" columnNames="uuid" />
    </changeSet>
    <changeSet id="rvfitstammdaten_6" author="Team Flash und Two-Face">
        <dropColumn tableName="versicherten_stammdaten" columnName="id"/>
    </changeSet>

    <!-- KONTOINFORMATION -->
    <changeSet id="rvfitkontoinformation_2" author="Team Flash und Two-Face">
        <dropSequence sequenceName="kontoinformation_seq" />
    </changeSet>
    <changeSet id="rvfitkontoinformation_3" author="Team Flash und Two-Face">
        <addColumn tableName="kontoinformation">
            <column name="uuid" type="${uuid.type}" defaultValueComputed="${uuid.function}">
                <constraints nullable="false" />
            </column>
        </addColumn>
    </changeSet>
    <changeSet id="rvfitkontoinformation_4" author="Team Flash und Two-Face">
        <update tableName="kontoinformation">
            <column name="uuid" valueComputed="${uuid.function}" />
        </update>
    </changeSet>
    <changeSet id="rvfitkontoinformation_5" author="Team Flash und Two-Face">
        <dropPrimaryKey tableName="kontoinformation" />
        <addPrimaryKey tableName="kontoinformation" columnNames="uuid" />
    </changeSet>
    <changeSet id="rvfitkontoinformation_6" author="Team Flash und Two-Face">
        <dropColumn tableName="kontoinformation" columnName="id"/>
    </changeSet>

    <!-- PRUEFERGEBNIS -->
    <changeSet id="rvfitpruefergebnis_2" author="Team Flash und Two-Face">
        <dropSequence sequenceName="pruefergebnis_seq" />
    </changeSet>
    <changeSet id="rvfitpruefergebnis_3" author="Team Flash und Two-Face">
        <addColumn tableName="pruefergebnis">
            <column name="uuid" type="${uuid.type}" defaultValueComputed="${uuid.function}">
                <constraints nullable="false" />
            </column>
            <column name="parent_uuid" type="${uuid.type}" />
        </addColumn>
    </changeSet>
    <changeSet id="rvfitpruefergebnis_4" author="Team Flash und Two-Face">
        <update tableName="pruefergebnis">
            <column name="uuid" valueComputed="${uuid.function}" />
        </update>
    </changeSet>
    <changeSet id="rvfitpruefergebnis_5" author="Team Flash und Two-Face">
        <sql>
            UPDATE pruefergebnis p
            SET parent_uuid = (
                SELECT p2.uuid
                FROM pruefergebnis p2
                WHERE p.parent_id = p2.id
            ) WHERE EXISTS (
                SELECT 1
                FROM pruefergebnis p2
                WHERE p.parent_id = p2.id
            );
        </sql>
    </changeSet>
    <changeSet id="rvfitpruefergebnis_7" author="Team Flash und Two-Face">
        <dropPrimaryKey tableName="pruefergebnis" />
        <addPrimaryKey tableName="pruefergebnis" columnNames="uuid" />
    </changeSet>
    <changeSet id="rvfitpruefergebnis_8" author="Team Flash und Two-Face">
        <dropColumn tableName="pruefergebnis" columnName="id"/>
        <dropColumn tableName="pruefergebnis" columnName="parent_id"/>
    </changeSet>

    <!-- VERARBEITUNGSSTATUS -->
    <changeSet id="rvfitverarbeitungsstatus_2" author="Team Flash und Two-Face">
        <dropSequence sequenceName="verarbeitungsstatus_seq" />
    </changeSet>
    <changeSet id="rvfitverarbeitungsstatus_3" author="Team Flash und Two-Face">
        <addColumn tableName="verarbeitungsstatus">
            <column name="uuid" type="${uuid.type}" defaultValueComputed="${uuid.function}">
                <constraints nullable="false" />
            </column>
        </addColumn>
    </changeSet>
    <changeSet id="rvfitverarbeitungsstatus_4" author="Team Flash und Two-Face">
        <update tableName="verarbeitungsstatus">
            <column name="uuid" valueComputed="${uuid.function}" />
        </update>
    </changeSet>
    <changeSet id="rvfitverarbeitungsstatus_5" author="Team Flash und Two-Face">
        <dropPrimaryKey tableName="verarbeitungsstatus" />
        <addPrimaryKey tableName="verarbeitungsstatus" columnNames="uuid" />
    </changeSet>
    <changeSet id="rvfitverarbeitungsstatus_6" author="Team Flash und Two-Face">
        <dropColumn tableName="verarbeitungsstatus" columnName="id"/>
    </changeSet>

    <!-- EINRICHTUNG + EINRICHTUNG_ANSCHRIFT + ANGEBOT-->
    <changeSet id="rvfiteinrichtunganschrift_2" author="Team Flash und Two-Face">
        <dropSequence sequenceName="einrichtung_anschrift_seq" />
    </changeSet>
    <changeSet id="rvfiteinrichtung_2" author="Team Flash und Two-Face">
        <dropSequence sequenceName="einrichtung_seq" />
    </changeSet>
    <changeSet id="rvfiteinrichtunganschrift_3" author="Team Flash und Two-Face">
        <addColumn tableName="einrichtung_anschrift">
            <column name="uuid" type="${uuid.type}" defaultValueComputed="${uuid.function}">
                <constraints nullable="false" />
            </column>
        </addColumn>
    </changeSet>
    <changeSet id="rvfiteinrichtung_3" author="Team Flash und Two-Face">
        <addColumn tableName="einrichtung">
            <column name="uuid" type="${uuid.type}" defaultValueComputed="${uuid.function}">
                <constraints nullable="false" />
            </column>
            <column name="adresse_uuid" type="${uuid.type}" />
            <column name="postanschrift_uuid" type="${uuid.type}" />
        </addColumn>
    </changeSet>
    <changeSet id="rvfiteinrichtunganschrift_4" author="Team Flash und Two-Face">
        <update tableName="einrichtung_anschrift">
            <column name="uuid" valueComputed="${uuid.function}" />
        </update>
    </changeSet>
    <changeSet id="rvfiteinrichtung_4" author="Team Flash und Two-Face">
        <update tableName="einrichtung">
            <column name="uuid" valueComputed="${uuid.function}" />
        </update>
    </changeSet>
    <changeSet id="rvfiteinrichtung_5" author="Team Flash und Two-Face">
        <sql>
            UPDATE einrichtung e
            SET adresse_uuid = (
                SELECT e2.uuid
                FROM einrichtung_anschrift e2
                WHERE e.adresse_id = e2.id
            ) WHERE EXISTS (
                SELECT 1
                FROM einrichtung_anschrift e2
                WHERE e.adresse_id = e2.id
            );
        </sql>
    </changeSet>
    <changeSet id="rvfiteinrichtung_6" author="Team Flash und Two-Face">
        <sql>
            UPDATE einrichtung e
            SET postanschrift_uuid = (
                SELECT e2.uuid
                FROM einrichtung_anschrift e2
                WHERE e.postanschrift_id = e2.id
            ) WHERE EXISTS (
                SELECT 1
                FROM einrichtung_anschrift e2
                WHERE e.postanschrift_id = e2.id
            );
        </sql>
    </changeSet>
    <changeSet id="rvfiteinrichtunganschrift_5" author="Team Flash und Two-Face">
        <dropForeignKeyConstraint baseTableName="einrichtung" constraintName="fk_einrichtung_adresse_id" />
        <dropForeignKeyConstraint baseTableName="einrichtung" constraintName="fk_einrichtung_postanschrift_id" />
        <dropPrimaryKey tableName="einrichtung_anschrift" />
        <addPrimaryKey tableName="einrichtung_anschrift" columnNames="uuid" />
    </changeSet>
    <changeSet id="rvfiteinrichtung_7" author="Team Flash und Two-Face">
        <dropPrimaryKey tableName="einrichtung" />
        <addPrimaryKey tableName="einrichtung" columnNames="uuid" />
        <addForeignKeyConstraint baseTableName="einrichtung" baseColumnNames="adresse_uuid"
                                 constraintName="fk_einrichtung_adresse_uuid"
                                 referencedTableName="einrichtung_anschrift" referencedColumnNames="uuid" />
        <addForeignKeyConstraint baseTableName="einrichtung" baseColumnNames="postanschrift_uuid"
                                 constraintName="fk_einrichtung_postanschrift_uuid"
                                 referencedTableName="einrichtung_anschrift" referencedColumnNames="uuid" />
    </changeSet>
    <changeSet id="rvfitangebot_8" author="Team Flash und Two-Face">
        <addColumn tableName="angebot">
            <column name="einrichtung_uuid" type="${uuid.type}" />
        </addColumn>
    </changeSet>
    <changeSet id="rvfitangebot_9" author="Team Flash und Two-Face">
        <sql>
            UPDATE angebot e
            SET einrichtung_uuid = (
                SELECT e2.uuid
                FROM einrichtung e2
                WHERE e.einrichtung_id = e2.id
            ) WHERE EXISTS (
                SELECT 1
                FROM einrichtung e2
                WHERE e.einrichtung_id = e2.id
            );
        </sql>
    </changeSet>
    <changeSet id="rvfitangebot_10" author="Team Flash und Two-Face">
        <addForeignKeyConstraint baseTableName="angebot" baseColumnNames="einrichtung_uuid"
                                 constraintName="fk_angebot_einrichtung_uuid"
                                 referencedTableName="einrichtung" referencedColumnNames="uuid" />
    </changeSet>
    <changeSet id="rvfitantrag_4" author="Team Flash und Two-Face">
        <addColumn tableName="antrag">
            <column name="einrichtung_start_uuid" type="${uuid.type}" />
            <column name="einrichtung_training_uuid" type="${uuid.type}" />
            <column name="einrichtung_auf_uuid" type="${uuid.type}" />
        </addColumn>
    </changeSet>
    <changeSet id="rvfitantrag_5" author="Team Flash und Two-Face">
        <sql>
            UPDATE antrag a
            SET einrichtung_start_uuid = (
                SELECT e.uuid
                FROM einrichtung e
                WHERE a.einrichtung_start_id = e.id
            ) WHERE EXISTS (
                SELECT 1
                FROM einrichtung e
                WHERE a.einrichtung_start_id = e.id
            );
        </sql>
    </changeSet>
    <changeSet id="rvfitantrag_6" author="Team Flash und Two-Face">
        <sql>
            UPDATE antrag a
            SET einrichtung_training_uuid = (
                SELECT e.uuid
                FROM einrichtung e
                WHERE a.einrichtung_training_id = e.id
            ) WHERE EXISTS (
                SELECT 1
                FROM einrichtung e
                WHERE a.einrichtung_training_id = e.id
            );
        </sql>
    </changeSet>
    <changeSet id="rvfitantrag_7" author="Team Flash und Two-Face">
        <sql>
            UPDATE antrag a
            SET einrichtung_auf_uuid = (
                SELECT e.uuid
                FROM einrichtung e
                WHERE a.einrichtung_auf_id = e.id
            ) WHERE EXISTS (
                SELECT 1
                FROM einrichtung e
                WHERE a.einrichtung_auf_id = e.id
            );
        </sql>
    </changeSet>
    <changeSet id="rvfitangebot_11" author="Team Flash und Two-Face">
        <addColumn tableName="angebot">
            <column name="adresse_uuid" type="${uuid.type}" />
            <column name="postanschrift_uuid" type="${uuid.type}" />
        </addColumn>
    </changeSet>
    <changeSet id="rvfitangebot_12" author="Team Flash und Two-Face">
        <sql>
            UPDATE angebot a
            SET adresse_uuid = (
                SELECT e.uuid
                FROM einrichtung_anschrift e
                WHERE a.einrichtung_id = e.id
            ) WHERE EXISTS (
                SELECT 1
                FROM einrichtung_anschrift e
                WHERE a.einrichtung_id = e.id
            );
        </sql>
    </changeSet>
    <changeSet id="rvfitangebot_13" author="Team Flash und Two-Face">
        <sql>
            UPDATE angebot a
            SET postanschrift_uuid = (
                SELECT e.uuid
                FROM einrichtung_anschrift e
                WHERE a.einrichtung_id = e.id
            ) WHERE EXISTS (
                SELECT 1
                FROM einrichtung_anschrift e
                WHERE a.einrichtung_id = e.id
            );
        </sql>
    </changeSet>
    <changeSet id="rvfiteinrichtung_8" author="Team Flash und Two-Face">
        <dropColumn tableName="einrichtung" columnName="id"/>
        <dropColumn tableName="einrichtung" columnName="adresse_id"/>
        <dropColumn tableName="einrichtung" columnName="postanschrift_id"/>
    </changeSet>
    <changeSet id="rvfiteinrichtunganschrift_6" author="Team Flash und Two-Face">
        <dropColumn tableName="einrichtung_anschrift" columnName="id"/>
    </changeSet>
    <changeSet id="rvfitangebot_14" author="Team Flash und Two-Face">
        <dropColumn tableName="angebot" columnName="einrichtung_id"/>
        <dropColumn tableName="angebot" columnName="adresse_id"/>
        <dropColumn tableName="angebot" columnName="postanschrift_id"/>
    </changeSet>
    <changeSet id="rvfitantrag_8" author="Team Flash und Two-Face">
        <dropColumn tableName="antrag" columnName="einrichtung_start_id"/>
        <dropColumn tableName="antrag" columnName="einrichtung_training_id"/>
        <dropColumn tableName="antrag" columnName="einrichtung_auf_id"/>
    </changeSet>
    <!-- FEHLER -->
    <changeSet id="rvfitfehler_2" author="Team Flash und Two-Face">
        <dropSequence sequenceName="fehler_seq" />
    </changeSet>
    <changeSet id="rvfitfehler_3" author="Team Flash und Two-Face">
        <addColumn tableName="fehler">
            <column name="uuid" type="${uuid.type}" defaultValueComputed="${uuid.function}">
                <constraints nullable="false" />
            </column>
        </addColumn>
    </changeSet>
    <changeSet id="rvfitfehler_4" author="Team Flash und Two-Face">
        <update tableName="fehler">
            <column name="uuid" valueComputed="${uuid.function}" />
        </update>
    </changeSet>
    <changeSet id="rvfitfehler_5" author="Team Flash und Two-Face">
        <dropPrimaryKey tableName="fehler" />
        <addPrimaryKey tableName="fehler" columnNames="uuid" />
    </changeSet>
    <changeSet id="rvfitfehler_6" author="Team Flash und Two-Face">
        <dropColumn tableName="fehler" columnName="id"/>
    </changeSet>
</databaseChangeLog>