<?xml version="1.0" encoding="utf-8" ?>
<databaseChangeLog
	xmlns="http://www.liquibase.org/xml/ns/dbchangelog"
	xmlns:xsi="http://www.w3.org/2001/XMLSchema-instance"
	xsi:schemaLocation="http://www.liquibase.org/xml/ns/dbchangelog
                            http://www.liquibase.org/xml/ns/dbchangelog/dbchangelog-4.7.xsd">
	<changeSet id="rvfitfehler_1"
		author="Team Flash und Two-Face">
		<createTable tableName="fehler">
			<column name="id" type="bigint">
				<constraints primaryKey="true" nullable="false" />
			</column>
			<column name="antrag_id" type="uuid">
				<constraints nullable="false" />
			</column>
			<column name="created" type="datetime" />
			<column name="nachricht" type="nvarchar(500)" />
		</createTable>

		<addForeignKeyConstraint
			constraintName="fk_fehler" referencedTableName="antrag"
			baseColumnNames="antrag_id" baseTableName="fehler"
			referencedColumnNames="uuid" />


		<createSequence sequenceName="fehler_seq" cycle="false"
			incrementBy="1" maxValue="9223372036854775807" minValue="1"
			startValue="1" />

		<rollback>
			<dropSequence sequenceName="fehler_seq" />
		</rollback>

		<rollback>
			<dropTable tableName="fehler" />
		</rollback>
	</changeSet>
</databaseChangeLog>