<?xml version="1.0" encoding="utf-8" ?>
<databaseChangeLog
        xmlns:xsi="http://www.w3.org/2001/XMLSchema-instance"
        xmlns="http://www.liquibase.org/xml/ns/dbchangelog"
        xsi:schemaLocation="http://www.liquibase.org/xml/ns/dbchangelog
                            http://www.liquibase.org/xml/ns/dbchangelog/dbchangelog-4.7.xsd">
    <changeSet id="cronlock_1"
               author="Team Flash und Two-Face">
        <createTable tableName="cronlock">
            <column name="cronname" type="nvarchar(255)">
                <constraints primaryKey="true" nullable="false"/>
            </column>
            <column name="created" type="datetime"/>
        </createTable>

        <rollback>
            <dropTable tableName="cronlock"/>
        </rollback>
    </changeSet>
</databaseChangeLog>