<?xml version="1.0" encoding="utf-8" ?>
<databaseChangeLog
        xmlns="http://www.liquibase.org/xml/ns/dbchangelog"
        xmlns:xsi="http://www.w3.org/2001/XMLSchema-instance"
        xsi:schemaLocation="http://www.liquibase.org/xml/ns/dbchangelog
                            http://www.liquibase.org/xml/ns/dbchangelog/dbchangelog-4.7.xsd">
    <!-- Oracle-only: real procedure -->
    <changeSet id="rvfitantrag_12" author="Team Flash und Two-Face">
        <preConditions onFail="MARK_RAN">
            <dbms type="oracle"/>
        </preConditions>
        <sql splitStatements="true" stripComments="true" endDelimiter="/">
            <![CDATA[
            CREATE OR REPLACE PROCEDURE create_yearly_vorgangskennung_seq(p_year IN NUMERIC) IS
            stmt VARCHAR2(1000);
            BEGIN
            stmt := 'CREATE SEQUENCE VORGANGSKENNUNG_SEQ_' || p_year || ' START WITH 1 INCREMENT BY 1 NOCACHE NOCYCLE';
            EXECUTE IMMEDIATE stmt;
            END;
            /
            ]]>
        </sql>
    </changeSet>

    <!-- H2-only: dummy no-op procedure -->
    <changeSet id="rvfitantrag_13" author="Team Flash und Two-Face">
        <preConditions onFail="MARK_RAN">
            <dbms type="h2"/>
        </preConditions>
        <sql splitStatements="true" stripComments="true" endDelimiter="/">
            <![CDATA[
            CREATE ALIAS create_yearly_vorgangskennung_seq AS $$
            void create_yearly_vorgangskennung_seq(int year) {
            }
            $$;
            ]]>
        </sql>
    </changeSet>
</databaseChangeLog>
