<?xml version="1.0" encoding="utf-8" ?>
<databaseChangeLog
        xmlns="http://www.liquibase.org/xml/ns/dbchangelog"
        xmlns:xsi="http://www.w3.org/2001/XMLSchema-instance"
        xsi:schemaLocation="http://www.liquibase.org/xml/ns/dbchangelog
                            http://www.liquibase.org/xml/ns/dbchangelog/dbchangelog-4.7.xsd">
    <changeSet id="rvfitfehler_2" author="Team Flash und Two-Face">
        <addColumn tableName="fehler">
            <column name="retries" type="INTEGER">
                <constraints nullable="false" />
            </column>
        </addColumn>

        <renameColumn tableName="fehler" oldColumnName="antrag_id" newColumnName="antragId" />
        <dropForeignKeyConstraint constraintName="fk_fehler"  baseTableName="fehler"/>
        <addForeignKeyConstraint
                constraintName="fk_fehler" referencedTableName="antrag"
                baseColumnNames="antragId" baseTableName="fehler"
                referencedColumnNames="uuid" />
    </changeSet>
</databaseChangeLog>