<?xml version="1.0" encoding="utf-8" ?>
<databaseChangeLog
        xmlns="http://www.liquibase.org/xml/ns/dbchangelog"
        xmlns:xsi="http://www.w3.org/2001/XMLSchema-instance"
        xsi:schemaLocation="http://www.liquibase.org/xml/ns/dbchangelog
                            http://www.liquibase.org/xml/ns/dbchangelog/dbchangelog-4.7.xsd">

    <changeSet id="rvfitantrag_1" author="Team Flash und Two-Face">
        <addColumn tableName="antrag">
            <column name="art_zugaenglichkeit" type="nvarchar(60)"/>
        </addColumn>
    </changeSet>

    <changeSet id="rvfitantrag_2" author="Team Flash und Two-Face">
        <update tableName="antrag">
            <column name="art_zugaenglichkeit" value="GROSSDRUCK"/>
            <where>grossdruck ${query.isTrue}</where>
        </update>
        <update tableName="antrag">
            <column name="art_zugaenglichkeit" value="BRAILLE_KURZSCHRIFT"/>
            <where>kurzschrift ${query.isTrue}</where>
        </update>
        <update tableName="antrag">
            <column name="art_zugaenglichkeit" value="BRAILLE_VOLLSCHRIFT"/>
            <where>vollschrift ${query.isTrue}</where>
        </update>
        <update tableName="antrag">
            <column name="art_zugaenglichkeit" value="CD_ROM"/>
            <where>cd ${query.isTrue}</where>
        </update>
        <update tableName="antrag">
            <column name="art_zugaenglichkeit" value="HOERMEDIUM"/>
            <where>hoermedium ${query.isTrue}</where>
        </update>
    </changeSet>

    <changeSet id="rvfitantrag_3" author="Team Flash und Two-Face">
        <dropColumn tableName="antrag">
            <column name="grossdruck"/>
        </dropColumn>
        <dropColumn tableName="antrag">
            <column name="kurzschrift"/>
        </dropColumn>
        <dropColumn tableName="antrag">
            <column name="vollschrift"/>
        </dropColumn>
        <dropColumn tableName="antrag">
            <column name="cd"/>
        </dropColumn>
        <dropColumn tableName="antrag">
            <column name="hoermedium"/>
        </dropColumn>
    </changeSet>
</databaseChangeLog>
