<?xml version="1.0" encoding="utf-8" ?>
<databaseChangeLog
		xmlns="http://www.liquibase.org/xml/ns/dbchangelog"
		xmlns:xsi="http://www.w3.org/2001/XMLSchema-instance"
		xsi:schemaLocation="http://www.liquibase.org/xml/ns/dbchangelog
                            http://www.liquibase.org/xml/ns/dbchangelog/dbchangelog-4.7.xsd">
	<changeSet id="rvfitregel_11" author="Team Flash und Two-Face">
		<insert tableName="regel">
			<column name="name" value="REGEL_DIGITALER_ANHANG" />
			<column name="ktan" valueComputed="null" />
			<column name="aktiv" value="1" />
			<column name="prioritaet" valueNumeric="56" />
		</insert>
	</changeSet>
	<changeSet id="rvfitantrag_14" author="Team Flash und Two-Face">
		<update tableName="antrag">
			<column name="status" value="BEMERKUNG_ODER_ANHANG_AUFGABE_ERSTELLT"/>
			<where>status = 'BEMERKUNG_AUFGABE_ERSTELLT'</where>
		</update>
	</changeSet>
</databaseChangeLog>
