{
  "$defs" : {
    "FehlerEintrag" : {
      "type" : "object",
      "properties" : {
        "message" : {
          "type" : [ "string", "null" ]
        },
        "statuscode" : {
          "type" : [ "string", "null" ]
        }
      },
      "additionalProperties" : false
    }
  },
  "type" : "object",
  "properties" : {
    "altersteilzeitGrund" : {
      "type" : [ "string", "null" ]
    },
    "altersteilzeitGruppe" : {
      "type" : [ "string", "null" ]
    },
    "altersteilzeitKobs" : {
      "type" : [ "string", "null" ],
      "format" : "date"
    },
    "antragRehaArt" : {
      "type" : [ "string", "null" ]
    },
    "antragRehaMsat" : {
      "type" : [ "string", "null" ]
    },
    "antragRenteLeat" : {
      "type" : [ "string", "null" ]
    },
    "antragRenteTlrt" : {
      "type" : [ "string", "null" ]
    },
    "beamteneigenschaft" : {
      "type" : [ "boolean", "null" ]
    },
    "beschaeftigungGrund" : {
      "type" : [ "string", "null" ]
    },
    "beschaeftigungGruppe" : {
      "type" : [ "string", "null" ]
    },
    "beschaeftigungKobs" : {
      "type" : [ "string", "null" ],
      "format" : "date"
    },
    "bezugRenteLeat" : {
      "type" : [ "string", "null" ]
    },
    "bezugRenteProzent" : {
      "type" : [ "string", "null" ]
    },
    "bezugRenteTlrt" : {
      "type" : [ "string", "null" ]
    },
    "massnahmeRehaElat" : {
      "type" : [ "string", "null" ]
    },
    "massnahmeRehaKobs" : {
      "type" : [ "string", "null" ],
      "format" : "date"
    },
    "rechtsbehelfReha" : {
      "type" : [ "boolean", "null" ]
    },
    "rechtsbehelfRente" : {
      "type" : [ "boolean", "null" ]
    },
    "rvSystemFehler" : {
      "type" : [ "array", "null" ],
      "items" : {
        "$ref" : "#/$defs/FehlerEintrag"
      }
    },
    "selbstaendigkeit" : {
      "type" : [ "boolean", "null" ]
    },
    "unerwarteterFehler" : {
      "type" : [ "string", "null" ]
    },
    "vsnr" : {
      "type" : [ "string", "null" ]
    },
    "wartezeit180m" : {
      "type" : [ "integer", "null" ],
      "format" : "int32"
    },
    "wartezeit6in24m" : {
      "type" : [ "integer", "null" ],
      "format" : "int32"
    },
    "wartezeitfehler" : {
      "type" : [ "boolean", "null" ]
    }
  },
  "additionalProperties" : false
}