<?xml version="1.0" encoding="UTF-8"?>
<databaseChangeLog
        xmlns="http://www.liquibase.org/xml/ns/dbchangelog"
        xmlns:xsi="http://www.w3.org/2001/XMLSchema-instance"
        xsi:schemaLocation="http://www.liquibase.org/xml/ns/dbchangelog
                            http://www.liquibase.org/xml/ns/dbchangelog/dbchangelog-4.7.xsd">

    <property  name="int.type" value="int" dbms="h2,postgresql"/>
    <property  name="int.type" value="number(10,0)" dbms="oracle"/>
    <property name="uuid.type" value="uuid" dbms="h2,postgresql"/>
    <property name="uuid.type" value="RAW(16)" dbms="oracle"/>

    <property name="uuid.function" value="sys_guid()" dbms="oracle"/>
    <property name="uuid.function" value="gen_random_uuid()" dbms="postgresql"/>
    <property name="uuid.function" value="random_uuid()" dbms="h2"/>

    <property name="query.isTrue" value="is true" dbms="h2"/>
    <property name="query.isTrue" value="= 1" dbms="oracle"/>

    <include file="changesets/24.10.25_InitalScript.xml" relativeToChangelogFile="true" />
    <include file="changesets/25.01.02_Rename.xml" relativeToChangelogFile="true" />
    <include file="changesets/25.01.09_Fehler.xml" relativeToChangelogFile="true" />
    <include file="changesets/25.01.16_RemoveSequences.xml" relativeToChangelogFile="true" />
    <include file="changesets/25.01.23_AntragV51.xml" relativeToChangelogFile="true" />
    <include file="changesets/25.02.20_AntragSehbehinderung.xml" relativeToChangelogFile="true" />
    <include file="changesets/25.03.19_PrioritaetChange.xml" relativeToChangelogFile="true" />
    <include file="changesets/25.03.20_RegelDistanz.xml" relativeToChangelogFile="true" />
    <include file="changesets/25.02.25_erweiterung_Fehler.xml" relativeToChangelogFile="true" />
    <include file="changesets/25.04.02_AntragDoppelvergabe.xml" relativeToChangelogFile="true" />
    <include file="changesets/11.04.25_SetEinrichtungRegelPrioritaet.xml" relativeToChangelogFile="true" />
    <include file="changesets/25.04.11_Weiterbearbeitung_rvDialog.xml" relativeToChangelogFile="true" />
    <include file="changesets/25.04.17_Indizes_anlegen.xml" relativeToChangelogFile="true" />
    <include file="changesets/25.04.24_Erweiterung_Fehler.xml" relativeToChangelogFile="true" />
    <include file="changesets/25.04.29_remove_demail.xml" relativeToChangelogFile="true"/>
    <include file="changesets/25.05.06_extend_smp_felder.xml" relativeToChangelogFile="true"/>
    <include file="changesets/25.05.19_RegelBemerkung.xml" relativeToChangelogFile="true"/>
    <include file="changesets/25.07.03_Fehler_Nachricht_Datatype.xml" relativeToChangelogFile="true"/>
    <include file="changesets/25.06.10_Bestandsfehler_anlegen.xml" relativeToChangelogFile="true"/>
    <include file="changesets/25.07.14_RegelAutoEinrichtung.xml" relativeToChangelogFile="true"/>
    <include file="changesets/25.08.01_VorgangskennungSequence.xml" relativeToChangelogFile="true"/>
    <include file="changesets/25.07.23_RemoveAntragFreitext.xml" relativeToChangelogFile="true"/>
    <include file="changesets/25.07.25_ChangePlzLength.xml" relativeToChangelogFile="true"/>
    <include file="changesets/25.08.04_cron_lock.xml" relativeToChangelogFile="true"/>
    <include file="changesets/25.09.19_eAntrag_Version.xml" relativeToChangelogFile="true"/>
    <include file="changesets/25.08.02_VorgangskennungNewYearSequence.xml" relativeToChangelogFile="true"/>
    <include file="changesets/25.10.07_digitaler_anhang.xml" relativeToChangelogFile="true"/>
    <include file="changesets/25.10.07_regel_digitaler_anhang.xml" relativeToChangelogFile="true"/>
</databaseChangeLog>
